{
    "rmse": 0.727222204795419,
    "mae": 0.6004028390251677,
    "r2": 0.13789628609385896
}